content_class,style_class,content_index,style_index,status,rejection_reason,image_path
airplane,bird,4526,3194,accepted,,/content/drive/MyDrive/task1/results/cue_conflicts/shape_airplane_style_bird_0000.png
airplane,bird,3552,4551,accepted,,/content/drive/MyDrive/task1/results/cue_conflicts/shape_airplane_style_bird_0001.png
airplane,bird,2333,545,accepted,,/content/drive/MyDrive/task1/results/cue_conflicts/shape_airplane_style_bird_0002.png
airplane,bird,2459,1308,accepted,,/content/drive/MyDrive/task1/results/cue_conflicts/shape_airplane_style_bird_0003.png
airplane,bird,1731,4903,accepted,,/content/drive/MyDrive/task1/results/cue_conflicts/shape_airplane_style_bird_0004.png
airplane,bird,3693,1542,accepted,,/content/drive/MyDrive/task1/results/cue_conflicts/shape_airplane_style_bird_0005.png
airplane,bird,781,4391,accepted,,/content/drive/MyDrive/task1/results/cue_conflicts/shape_airplane_style_bird_0006.png
airplane,bird,437,4269,accepted,,/content/drive/MyDrive/task1/results/cue_conflicts/shape_airplane_style_bird_0007.png
airplane,bird,4379,2148,accepted,,/content/drive/MyDrive/task1/results/cue_conflicts/shape_airplane_style_bird_0008.png
airplane,bird,1131,1789,accepted,,/content/drive/MyDrive/task1/results/cue_conflicts/shape_airplane_style_bird_0009.png
airplane,bird,2434,1485,accepted,,/content/drive/MyDrive/task1/results/cue_conflicts/shape_airplane_style_bird_0010.png
airplane,bird,1281,3171,accepted,,/content/drive/MyDrive/task1/results/cue_conflicts/shape_airplane_style_bird_0011.png
airplane,bird,1820,4066,accepted,,/content/drive/MyDrive/task1/results/cue_conflicts/shape_airplane_style_bird_0012.png
airplane,bird,487,2346,accepted,,/content/drive/MyDrive/task1/results/cue_conflicts/shape_airplane_style_bird_0013.png
airplane,bird,708,3134,accepted,,/content/drive/MyDrive/task1/results/cue_conflicts/shape_airplane_style_bird_0014.png
airplane,bird,2324,4034,accepted,,/content/drive/MyDrive/task1/results/cue_conflicts/shape_airplane_style_bird_0015.png
airplane,bird,4470,2663,accepted,,/content/drive/MyDrive/task1/results/cue_conflicts/shape_airplane_style_bird_0016.png
airplane,bird,2281,2739,accepted,,/content/drive/MyDrive/task1/results/cue_conflicts/shape_airplane_style_bird_0017.png
airplane,bird,2590,3145,accepted,,/content/drive/MyDrive/task1/results/cue_conflicts/shape_airplane_style_bird_0018.png
airplane,bird,646,2818,accepted,,/content/drive/MyDrive/task1/results/cue_conflicts/shape_airplane_style_bird_0019.png
bird,airplane,4557,2199,accepted,,/content/drive/MyDrive/task1/results/cue_conflicts/shape_bird_style_airplane_0000.png
bird,airplane,4721,999,accepted,,/content/drive/MyDrive/task1/results/cue_conflicts/shape_bird_style_airplane_0001.png
bird,airplane,3099,2440,accepted,,/content/drive/MyDrive/task1/results/cue_conflicts/shape_bird_style_airplane_0002.png
bird,airplane,3975,4421,accepted,,/content/drive/MyDrive/task1/results/cue_conflicts/shape_bird_style_airplane_0003.png
bird,airplane,4450,1963,accepted,,/content/drive/MyDrive/task1/results/cue_conflicts/shape_bird_style_airplane_0004.png
bird,airplane,636,31,accepted,,/content/drive/MyDrive/task1/results/cue_conflicts/shape_bird_style_airplane_0005.png
bird,airplane,1937,3693,accepted,,/content/drive/MyDrive/task1/results/cue_conflicts/shape_bird_style_airplane_0006.png
bird,airplane,1828,1641,accepted,,/content/drive/MyDrive/task1/results/cue_conflicts/shape_bird_style_airplane_0007.png
bird,airplane,4308,2333,accepted,,/content/drive/MyDrive/task1/results/cue_conflicts/shape_bird_style_airplane_0008.png
bird,airplane,2439,3365,accepted,,/content/drive/MyDrive/task1/results/cue_conflicts/shape_bird_style_airplane_0009.png
bird,airplane,641,3866,accepted,,/content/drive/MyDrive/task1/results/cue_conflicts/shape_bird_style_airplane_0010.png
bird,airplane,4216,2481,accepted,,/content/drive/MyDrive/task1/results/cue_conflicts/shape_bird_style_airplane_0011.png
bird,airplane,1788,2375,accepted,,/content/drive/MyDrive/task1/results/cue_conflicts/shape_bird_style_airplane_0012.png
bird,airplane,3517,1456,accepted,,/content/drive/MyDrive/task1/results/cue_conflicts/shape_bird_style_airplane_0013.png
bird,airplane,4903,730,accepted,,/content/drive/MyDrive/task1/results/cue_conflicts/shape_bird_style_airplane_0014.png
bird,airplane,1427,3929,accepted,,/content/drive/MyDrive/task1/results/cue_conflicts/shape_bird_style_airplane_0015.png
bird,airplane,3208,4917,accepted,,/content/drive/MyDrive/task1/results/cue_conflicts/shape_bird_style_airplane_0016.png
bird,airplane,1940,2447,accepted,,/content/drive/MyDrive/task1/results/cue_conflicts/shape_bird_style_airplane_0017.png
bird,airplane,2020,3853,accepted,,/content/drive/MyDrive/task1/results/cue_conflicts/shape_bird_style_airplane_0018.png
bird,airplane,4194,3110,accepted,,/content/drive/MyDrive/task1/results/cue_conflicts/shape_bird_style_airplane_0019.png
car,truck,4410,3384,accepted,,/content/drive/MyDrive/task1/results/cue_conflicts/shape_car_style_truck_0000.png
car,truck,121,1150,accepted,,/content/drive/MyDrive/task1/results/cue_conflicts/shape_car_style_truck_0001.png
car,truck,2672,4056,accepted,,/content/drive/MyDrive/task1/results/cue_conflicts/shape_car_style_truck_0002.png
car,truck,2831,1962,accepted,,/content/drive/MyDrive/task1/results/cue_conflicts/shape_car_style_truck_0003.png
car,truck,3421,688,accepted,,/content/drive/MyDrive/task1/results/cue_conflicts/shape_car_style_truck_0004.png
car,truck,4073,4130,accepted,,/content/drive/MyDrive/task1/results/cue_conflicts/shape_car_style_truck_0005.png
car,truck,951,4607,accepted,,/content/drive/MyDrive/task1/results/cue_conflicts/shape_car_style_truck_0006.png
car,truck,4090,2618,accepted,,/content/drive/MyDrive/task1/results/cue_conflicts/shape_car_style_truck_0007.png
car,truck,429,3926,accepted,,/content/drive/MyDrive/task1/results/cue_conflicts/shape_car_style_truck_0008.png
car,truck,1228,612,accepted,,/content/drive/MyDrive/task1/results/cue_conflicts/shape_car_style_truck_0009.png
car,truck,1742,3725,accepted,,/content/drive/MyDrive/task1/results/cue_conflicts/shape_car_style_truck_0010.png
car,truck,2379,3733,accepted,,/content/drive/MyDrive/task1/results/cue_conflicts/shape_car_style_truck_0011.png
car,truck,1759,1441,accepted,,/content/drive/MyDrive/task1/results/cue_conflicts/shape_car_style_truck_0012.png
car,truck,4765,2936,accepted,,/content/drive/MyDrive/task1/results/cue_conflicts/shape_car_style_truck_0013.png
car,truck,598,4484,accepted,,/content/drive/MyDrive/task1/results/cue_conflicts/shape_car_style_truck_0014.png
car,truck,3446,4611,accepted,,/content/drive/MyDrive/task1/results/cue_conflicts/shape_car_style_truck_0015.png
car,truck,336,306,accepted,,/content/drive/MyDrive/task1/results/cue_conflicts/shape_car_style_truck_0016.png
car,truck,3666,4683,accepted,,/content/drive/MyDrive/task1/results/cue_conflicts/shape_car_style_truck_0017.png
car,truck,2052,700,accepted,,/content/drive/MyDrive/task1/results/cue_conflicts/shape_car_style_truck_0018.png
car,truck,1143,1649,accepted,,/content/drive/MyDrive/task1/results/cue_conflicts/shape_car_style_truck_0019.png
truck,car,1005,4427,accepted,,/content/drive/MyDrive/task1/results/cue_conflicts/shape_truck_style_car_0000.png
truck,car,3969,4937,accepted,,/content/drive/MyDrive/task1/results/cue_conflicts/shape_truck_style_car_0001.png
truck,car,4878,3825,accepted,,/content/drive/MyDrive/task1/results/cue_conflicts/shape_truck_style_car_0002.png
truck,car,4499,3288,accepted,,/content/drive/MyDrive/task1/results/cue_conflicts/shape_truck_style_car_0003.png
truck,car,3714,4090,accepted,,/content/drive/MyDrive/task1/results/cue_conflicts/shape_truck_style_car_0004.png
truck,car,4814,4941,accepted,,/content/drive/MyDrive/task1/results/cue_conflicts/shape_truck_style_car_0005.png
truck,car,2311,418,accepted,,/content/drive/MyDrive/task1/results/cue_conflicts/shape_truck_style_car_0006.png
truck,car,423,151,accepted,,/content/drive/MyDrive/task1/results/cue_conflicts/shape_truck_style_car_0007.png
truck,car,2979,2202,accepted,,/content/drive/MyDrive/task1/results/cue_conflicts/shape_truck_style_car_0008.png
truck,car,3634,3180,accepted,,/content/drive/MyDrive/task1/results/cue_conflicts/shape_truck_style_car_0009.png
truck,car,4511,1742,accepted,,/content/drive/MyDrive/task1/results/cue_conflicts/shape_truck_style_car_0010.png
truck,car,1083,732,accepted,,/content/drive/MyDrive/task1/results/cue_conflicts/shape_truck_style_car_0011.png
truck,car,4460,4660,accepted,,/content/drive/MyDrive/task1/results/cue_conflicts/shape_truck_style_car_0012.png
truck,car,4682,767,accepted,,/content/drive/MyDrive/task1/results/cue_conflicts/shape_truck_style_car_0013.png
truck,car,2724,4292,accepted,,/content/drive/MyDrive/task1/results/cue_conflicts/shape_truck_style_car_0014.png
truck,car,1770,2158,accepted,,/content/drive/MyDrive/task1/results/cue_conflicts/shape_truck_style_car_0015.png
truck,car,3036,2745,accepted,,/content/drive/MyDrive/task1/results/cue_conflicts/shape_truck_style_car_0016.png
truck,car,1821,2760,accepted,,/content/drive/MyDrive/task1/results/cue_conflicts/shape_truck_style_car_0017.png
truck,car,2321,2508,accepted,,/content/drive/MyDrive/task1/results/cue_conflicts/shape_truck_style_car_0018.png
truck,car,1987,848,accepted,,/content/drive/MyDrive/task1/results/cue_conflicts/shape_truck_style_car_0019.png
cat,dog,4623,2685,accepted,,/content/drive/MyDrive/task1/results/cue_conflicts/shape_cat_style_dog_0000.png
cat,dog,302,3978,accepted,,/content/drive/MyDrive/task1/results/cue_conflicts/shape_cat_style_dog_0001.png
cat,dog,2994,1235,accepted,,/content/drive/MyDrive/task1/results/cue_conflicts/shape_cat_style_dog_0002.png
cat,dog,510,3855,accepted,,/content/drive/MyDrive/task1/results/cue_conflicts/shape_cat_style_dog_0003.png
cat,dog,4082,2751,accepted,,/content/drive/MyDrive/task1/results/cue_conflicts/shape_cat_style_dog_0004.png
cat,dog,4516,4661,accepted,,/content/drive/MyDrive/task1/results/cue_conflicts/shape_cat_style_dog_0005.png
cat,dog,1744,500,accepted,,/content/drive/MyDrive/task1/results/cue_conflicts/shape_cat_style_dog_0006.png
cat,dog,2095,747,accepted,,/content/drive/MyDrive/task1/results/cue_conflicts/shape_cat_style_dog_0007.png
cat,dog,4099,3908,accepted,,/content/drive/MyDrive/task1/results/cue_conflicts/shape_cat_style_dog_0008.png
cat,dog,739,892,accepted,,/content/drive/MyDrive/task1/results/cue_conflicts/shape_cat_style_dog_0009.png
cat,dog,2469,928,accepted,,/content/drive/MyDrive/task1/results/cue_conflicts/shape_cat_style_dog_0010.png
cat,dog,4843,2065,accepted,,/content/drive/MyDrive/task1/results/cue_conflicts/shape_cat_style_dog_0011.png
cat,dog,345,195,accepted,,/content/drive/MyDrive/task1/results/cue_conflicts/shape_cat_style_dog_0012.png
cat,dog,1077,2543,accepted,,/content/drive/MyDrive/task1/results/cue_conflicts/shape_cat_style_dog_0013.png
cat,dog,3497,866,accepted,,/content/drive/MyDrive/task1/results/cue_conflicts/shape_cat_style_dog_0014.png
cat,dog,4271,1832,accepted,,/content/drive/MyDrive/task1/results/cue_conflicts/shape_cat_style_dog_0015.png
cat,dog,1156,3579,accepted,,/content/drive/MyDrive/task1/results/cue_conflicts/shape_cat_style_dog_0016.png
cat,dog,4400,3915,accepted,,/content/drive/MyDrive/task1/results/cue_conflicts/shape_cat_style_dog_0017.png
cat,dog,3246,97,accepted,,/content/drive/MyDrive/task1/results/cue_conflicts/shape_cat_style_dog_0018.png
cat,dog,3991,3792,accepted,,/content/drive/MyDrive/task1/results/cue_conflicts/shape_cat_style_dog_0019.png
dog,cat,715,3864,accepted,,/content/drive/MyDrive/task1/results/cue_conflicts/shape_dog_style_cat_0000.png
dog,cat,2230,684,accepted,,/content/drive/MyDrive/task1/results/cue_conflicts/shape_dog_style_cat_0001.png
dog,cat,220,4776,accepted,,/content/drive/MyDrive/task1/results/cue_conflicts/shape_dog_style_cat_0002.png
dog,cat,2326,830,accepted,,/content/drive/MyDrive/task1/results/cue_conflicts/shape_dog_style_cat_0003.png
dog,cat,1547,1287,accepted,,/content/drive/MyDrive/task1/results/cue_conflicts/shape_dog_style_cat_0004.png
dog,cat,1567,1552,accepted,,/content/drive/MyDrive/task1/results/cue_conflicts/shape_dog_style_cat_0005.png
dog,cat,4824,3715,accepted,,/content/drive/MyDrive/task1/results/cue_conflicts/shape_dog_style_cat_0006.png
dog,cat,2105,3455,accepted,,/content/drive/MyDrive/task1/results/cue_conflicts/shape_dog_style_cat_0007.png
dog,cat,747,2009,accepted,,/content/drive/MyDrive/task1/results/cue_conflicts/shape_dog_style_cat_0008.png
dog,cat,4343,1339,accepted,,/content/drive/MyDrive/task1/results/cue_conflicts/shape_dog_style_cat_0009.png
dog,cat,2706,2399,accepted,,/content/drive/MyDrive/task1/results/cue_conflicts/shape_dog_style_cat_0010.png
dog,cat,2236,4900,accepted,,/content/drive/MyDrive/task1/results/cue_conflicts/shape_dog_style_cat_0011.png
dog,cat,1019,3776,accepted,,/content/drive/MyDrive/task1/results/cue_conflicts/shape_dog_style_cat_0012.png
dog,cat,313,2484,accepted,,/content/drive/MyDrive/task1/results/cue_conflicts/shape_dog_style_cat_0013.png
dog,cat,99,2141,accepted,,/content/drive/MyDrive/task1/results/cue_conflicts/shape_dog_style_cat_0014.png
dog,cat,4989,3992,accepted,,/content/drive/MyDrive/task1/results/cue_conflicts/shape_dog_style_cat_0015.png
dog,cat,4905,2027,accepted,,/content/drive/MyDrive/task1/results/cue_conflicts/shape_dog_style_cat_0016.png
dog,cat,535,2348,accepted,,/content/drive/MyDrive/task1/results/cue_conflicts/shape_dog_style_cat_0017.png
dog,cat,2950,1637,accepted,,/content/drive/MyDrive/task1/results/cue_conflicts/shape_dog_style_cat_0018.png
dog,cat,520,777,accepted,,/content/drive/MyDrive/task1/results/cue_conflicts/shape_dog_style_cat_0019.png
deer,horse,323,3337,accepted,,/content/drive/MyDrive/task1/results/cue_conflicts/shape_deer_style_horse_0000.png
deer,horse,2285,271,accepted,,/content/drive/MyDrive/task1/results/cue_conflicts/shape_deer_style_horse_0001.png
deer,horse,394,4926,accepted,,/content/drive/MyDrive/task1/results/cue_conflicts/shape_deer_style_horse_0002.png
deer,horse,703,3117,accepted,,/content/drive/MyDrive/task1/results/cue_conflicts/shape_deer_style_horse_0003.png
deer,horse,2037,1803,accepted,,/content/drive/MyDrive/task1/results/cue_conflicts/shape_deer_style_horse_0004.png
deer,horse,297,3093,accepted,,/content/drive/MyDrive/task1/results/cue_conflicts/shape_deer_style_horse_0005.png
deer,horse,1387,3343,accepted,,/content/drive/MyDrive/task1/results/cue_conflicts/shape_deer_style_horse_0006.png
deer,horse,1549,4492,accepted,,/content/drive/MyDrive/task1/results/cue_conflicts/shape_deer_style_horse_0007.png
deer,horse,4745,3669,accepted,,/content/drive/MyDrive/task1/results/cue_conflicts/shape_deer_style_horse_0008.png
deer,horse,1249,2162,accepted,,/content/drive/MyDrive/task1/results/cue_conflicts/shape_deer_style_horse_0009.png
deer,horse,4731,3408,accepted,,/content/drive/MyDrive/task1/results/cue_conflicts/shape_deer_style_horse_0010.png
deer,horse,3018,4902,accepted,,/content/drive/MyDrive/task1/results/cue_conflicts/shape_deer_style_horse_0011.png
deer,horse,1511,1769,accepted,,/content/drive/MyDrive/task1/results/cue_conflicts/shape_deer_style_horse_0012.png
deer,horse,2131,2855,accepted,,/content/drive/MyDrive/task1/results/cue_conflicts/shape_deer_style_horse_0013.png
deer,horse,131,2088,accepted,,/content/drive/MyDrive/task1/results/cue_conflicts/shape_deer_style_horse_0014.png
deer,horse,1756,4415,accepted,,/content/drive/MyDrive/task1/results/cue_conflicts/shape_deer_style_horse_0015.png
deer,horse,4264,92,accepted,,/content/drive/MyDrive/task1/results/cue_conflicts/shape_deer_style_horse_0016.png
deer,horse,965,3308,accepted,,/content/drive/MyDrive/task1/results/cue_conflicts/shape_deer_style_horse_0017.png
deer,horse,4128,3640,accepted,,/content/drive/MyDrive/task1/results/cue_conflicts/shape_deer_style_horse_0018.png
deer,horse,209,275,accepted,,/content/drive/MyDrive/task1/results/cue_conflicts/shape_deer_style_horse_0019.png
horse,deer,2470,4745,accepted,,/content/drive/MyDrive/task1/results/cue_conflicts/shape_horse_style_deer_0000.png
horse,deer,4038,3338,accepted,,/content/drive/MyDrive/task1/results/cue_conflicts/shape_horse_style_deer_0001.png
horse,deer,2792,4287,accepted,,/content/drive/MyDrive/task1/results/cue_conflicts/shape_horse_style_deer_0002.png
horse,deer,1367,4615,accepted,,/content/drive/MyDrive/task1/results/cue_conflicts/shape_horse_style_deer_0003.png
horse,deer,2034,2179,accepted,,/content/drive/MyDrive/task1/results/cue_conflicts/shape_horse_style_deer_0004.png
horse,deer,927,1342,accepted,,/content/drive/MyDrive/task1/results/cue_conflicts/shape_horse_style_deer_0005.png
horse,deer,3519,1487,accepted,,/content/drive/MyDrive/task1/results/cue_conflicts/shape_horse_style_deer_0006.png
horse,deer,357,2809,accepted,,/content/drive/MyDrive/task1/results/cue_conflicts/shape_horse_style_deer_0007.png
horse,deer,1301,2703,accepted,,/content/drive/MyDrive/task1/results/cue_conflicts/shape_horse_style_deer_0008.png
horse,deer,48,2180,accepted,,/content/drive/MyDrive/task1/results/cue_conflicts/shape_horse_style_deer_0009.png
horse,deer,2219,1387,accepted,,/content/drive/MyDrive/task1/results/cue_conflicts/shape_horse_style_deer_0010.png
horse,deer,1769,4382,accepted,,/content/drive/MyDrive/task1/results/cue_conflicts/shape_horse_style_deer_0011.png
horse,deer,2258,2293,accepted,,/content/drive/MyDrive/task1/results/cue_conflicts/shape_horse_style_deer_0012.png
horse,deer,2763,1799,accepted,,/content/drive/MyDrive/task1/results/cue_conflicts/shape_horse_style_deer_0013.png
horse,deer,4886,359,accepted,,/content/drive/MyDrive/task1/results/cue_conflicts/shape_horse_style_deer_0014.png
horse,deer,1848,3480,accepted,,/content/drive/MyDrive/task1/results/cue_conflicts/shape_horse_style_deer_0015.png
horse,deer,3787,1930,accepted,,/content/drive/MyDrive/task1/results/cue_conflicts/shape_horse_style_deer_0016.png
horse,deer,2821,4601,accepted,,/content/drive/MyDrive/task1/results/cue_conflicts/shape_horse_style_deer_0017.png
horse,deer,4726,2624,accepted,,/content/drive/MyDrive/task1/results/cue_conflicts/shape_horse_style_deer_0018.png
horse,deer,4486,1122,accepted,,/content/drive/MyDrive/task1/results/cue_conflicts/shape_horse_style_deer_0019.png
monkey,ship,1909,751,accepted,,/content/drive/MyDrive/task1/results/cue_conflicts/shape_monkey_style_ship_0000.png
monkey,ship,1424,2547,accepted,,/content/drive/MyDrive/task1/results/cue_conflicts/shape_monkey_style_ship_0001.png
monkey,ship,4447,4588,accepted,,/content/drive/MyDrive/task1/results/cue_conflicts/shape_monkey_style_ship_0002.png
monkey,ship,2776,1014,accepted,,/content/drive/MyDrive/task1/results/cue_conflicts/shape_monkey_style_ship_0003.png
monkey,ship,773,4381,accepted,,/content/drive/MyDrive/task1/results/cue_conflicts/shape_monkey_style_ship_0004.png
monkey,ship,3624,58,accepted,,/content/drive/MyDrive/task1/results/cue_conflicts/shape_monkey_style_ship_0005.png
monkey,ship,3405,3564,accepted,,/content/drive/MyDrive/task1/results/cue_conflicts/shape_monkey_style_ship_0006.png
monkey,ship,550,3115,accepted,,/content/drive/MyDrive/task1/results/cue_conflicts/shape_monkey_style_ship_0007.png
monkey,ship,2573,3661,accepted,,/content/drive/MyDrive/task1/results/cue_conflicts/shape_monkey_style_ship_0008.png
monkey,ship,2629,481,accepted,,/content/drive/MyDrive/task1/results/cue_conflicts/shape_monkey_style_ship_0009.png
monkey,ship,167,3837,accepted,,/content/drive/MyDrive/task1/results/cue_conflicts/shape_monkey_style_ship_0010.png
monkey,ship,2426,2550,accepted,,/content/drive/MyDrive/task1/results/cue_conflicts/shape_monkey_style_ship_0011.png
monkey,ship,1544,2492,accepted,,/content/drive/MyDrive/task1/results/cue_conflicts/shape_monkey_style_ship_0012.png
monkey,ship,3609,1791,accepted,,/content/drive/MyDrive/task1/results/cue_conflicts/shape_monkey_style_ship_0013.png
monkey,ship,4312,2090,accepted,,/content/drive/MyDrive/task1/results/cue_conflicts/shape_monkey_style_ship_0014.png
monkey,ship,1834,4316,accepted,,/content/drive/MyDrive/task1/results/cue_conflicts/shape_monkey_style_ship_0015.png
monkey,ship,4544,1981,accepted,,/content/drive/MyDrive/task1/results/cue_conflicts/shape_monkey_style_ship_0016.png
monkey,ship,401,4437,accepted,,/content/drive/MyDrive/task1/results/cue_conflicts/shape_monkey_style_ship_0017.png
monkey,ship,1714,2528,accepted,,/content/drive/MyDrive/task1/results/cue_conflicts/shape_monkey_style_ship_0018.png
monkey,ship,4725,1099,accepted,,/content/drive/MyDrive/task1/results/cue_conflicts/shape_monkey_style_ship_0019.png
ship,monkey,3123,4235,accepted,,/content/drive/MyDrive/task1/results/cue_conflicts/shape_ship_style_monkey_0000.png
ship,monkey,2547,1942,accepted,,/content/drive/MyDrive/task1/results/cue_conflicts/shape_ship_style_monkey_0001.png
ship,monkey,4179,2596,accepted,,/content/drive/MyDrive/task1/results/cue_conflicts/shape_ship_style_monkey_0002.png
ship,monkey,448,2262,accepted,,/content/drive/MyDrive/task1/results/cue_conflicts/shape_ship_style_monkey_0003.png
ship,monkey,3824,3310,accepted,,/content/drive/MyDrive/task1/results/cue_conflicts/shape_ship_style_monkey_0004.png
ship,monkey,4219,1717,accepted,,/content/drive/MyDrive/task1/results/cue_conflicts/shape_ship_style_monkey_0005.png
ship,monkey,4183,3622,accepted,,/content/drive/MyDrive/task1/results/cue_conflicts/shape_ship_style_monkey_0006.png
ship,monkey,1723,3769,accepted,,/content/drive/MyDrive/task1/results/cue_conflicts/shape_ship_style_monkey_0007.png
ship,monkey,2282,2329,accepted,,/content/drive/MyDrive/task1/results/cue_conflicts/shape_ship_style_monkey_0008.png
ship,monkey,3576,4931,accepted,,/content/drive/MyDrive/task1/results/cue_conflicts/shape_ship_style_monkey_0009.png
ship,monkey,4847,4046,accepted,,/content/drive/MyDrive/task1/results/cue_conflicts/shape_ship_style_monkey_0010.png
ship,monkey,1466,698,accepted,,/content/drive/MyDrive/task1/results/cue_conflicts/shape_ship_style_monkey_0011.png
ship,monkey,164,1631,accepted,,/content/drive/MyDrive/task1/results/cue_conflicts/shape_ship_style_monkey_0012.png
ship,monkey,2833,2718,accepted,,/content/drive/MyDrive/task1/results/cue_conflicts/shape_ship_style_monkey_0013.png
ship,monkey,1321,1252,accepted,,/content/drive/MyDrive/task1/results/cue_conflicts/shape_ship_style_monkey_0014.png
ship,monkey,1253,413,accepted,,/content/drive/MyDrive/task1/results/cue_conflicts/shape_ship_style_monkey_0015.png
ship,monkey,822,2917,accepted,,/content/drive/MyDrive/task1/results/cue_conflicts/shape_ship_style_monkey_0016.png
ship,monkey,342,2426,accepted,,/content/drive/MyDrive/task1/results/cue_conflicts/shape_ship_style_monkey_0017.png
ship,monkey,1888,4808,accepted,,/content/drive/MyDrive/task1/results/cue_conflicts/shape_ship_style_monkey_0018.png
ship,monkey,2924,3609,accepted,,/content/drive/MyDrive/task1/results/cue_conflicts/shape_ship_style_monkey_0019.png
